IDDriver,Firstname,Lastname,Telephone,DrivingLicenceNumber
4,Olav,Sandeford,(580) 4365314,708
5,Freida,Cauley,(730) 4984045,65
6,Melisande,Ostick,(988) 9036322,15997
7,Trev,Bance,(866) 8603730,69391
8,Taffy,Crosthwaite,(518) 7665221,1
9,Cynthie,Cominoli,(428) 7372747,975
10,Darcie,Towhey,(639) 7907824,316
11,Leoline,Anchor,(511) 5779445,02624
12,Dorry,Manson,(610) 4596683,0
13,Nicolle,Mitchley,(392) 2248518,76824
14,Abagael,Towlson,(532) 8942354,13
15,Kelly,Gras,(862) 9799552,4
16,Eran,Sparks,(558) 6655238,001
17,Garwin,Eagar,(760) 7503781,7
18,Oren,Rallinshaw,(575) 2905232,908
19,Beilul,Huie,(795) 2564634,55432
20,Garfield,Hakes,(315) 2760063,39499
21,Gregoor,Smieton,(739) 6648419,80
22,Barbe,Learmonth,(870) 1642839,5362
23,Maegan,Steane,(505) 9451373,37965
24,Shurlocke,MacRanald,(356) 8244035,8
25,Forrest,Wenger,(296) 6332586,4566
26,Gianni,Keward,(974) 2469838,87361
27,Stirling,Fulkes,(761) 8427582,26
28,Clemence,Ekins,(360) 7325944,553
29,Delbert,Mutch,(715) 3094823,83
30,Ruggiero,Adrain,(841) 5745798,1
31,Talbert,Koubu,(300) 9973225,39901
32,Wilton,de Leon,(497) 2585096,81135
33,Goraud,Ridwood,(490) 6511784,67024
34,Farlie,Brettor,(227) 2574355,4723
35,Ludovika,Sang,(270) 6883592,75969
36,Gracia,Bunnell,(446) 2300347,5
37,Ewan,Towriss,(308) 9578724,0557
38,Tisha,Barrett,(682) 9698736,00116
39,Dyan,Alcott,(936) 3620799,8
40,Jessika,Ghione,(480) 4459397,3637
41,Selinda,Penn,(591) 9388677,8
42,Moreen,Townson,(995) 1603245,116
43,Ignatius,Clulee,(269) 4206183,5
44,Conny,Goranov,(761) 4179133,0695
45,Alejandra,Brahams,(453) 9513383,65260
46,Marve,Jancso,(904) 7968126,36
47,Nathanil,Stanyard,(243) 1600314,6458
48,Harv,Dundendale,(876) 9459652,78
49,Illa,Downton,(904) 7343679,59774
50,Wayne,Ionn,(716) 8032760,351
51,Marcela,O'Finan,(349) 5083910,88654
52,Jareb,Englefield,(790) 4194236,407
53,Corabelle,Gillmor,(170) 8552407,5
54,Rolph,Balharrie,(505) 4631589,0
55,Loralyn,Farguhar,(308) 2077754,731
56,Deck,Katz,(615) 3046583,28
57,Ethelda,Umbers,(296) 9908120,75105
58,Renelle,Grombridge,(884) 5973036,954
59,Ardyce,Lyttle,(236) 4058617,5088
60,Boot,Pund,(561) 3995227,808
61,Tobias,Crutcher,(236) 3896235,3301
62,Ashleigh,Ostick,(495) 2687107,50653
63,Marcela,McDermid,(150) 2969505,58038
64,Lishe,Taffley,(904) 9302747,73
65,Hanny,Claydon,(374) 5345121,0300
66,Trever,Glowach,(978) 4031179,6776
67,Cinderella,Maxsted,(809) 2904131,607
68,Odelia,Bamell,(607) 3689867,7
69,Alister,Stilgo,(204) 4439657,13555
70,Dianemarie,Hakes,(118) 9083387,3
71,Collin,Dunkerley,(847) 8275583,290
72,Wash,Mate,(547) 8384025,994
73,Aprilette,Fosher,(731) 9685834,271
74,Kaylil,Dunklee,(989) 6942167,4
75,Chrissie,Levinge,(720) 1085139,2962
76,Lavina,Mapples,(625) 3370975,1166
77,Helsa,Bowhay,(943) 5293992,659
78,Bogey,Hubner,(903) 6696605,264
79,Obidiah,Eyckelbeck,(663) 6608156,65
80,Jamill,Quan,(236) 6469116,9
81,Annice,Schwaiger,(624) 9332670,2051
82,Elwood,Carryer,(186) 9925844,8872
83,Roger,Phillipson,(442) 2826990,1
84,Sapphire,McGeffen,(806) 6838123,734
85,Rosa,Handrok,(236) 5720773,812
86,Tine,Milbank,(530) 7730137,4
87,Gabrielle,Peperell,(729) 4383651,33441
88,Guglielma,Imm,(965) 9126599,7663
89,Gussi,Bartel,(709) 6354939,50
90,Cordula,Buttrey,(113) 3031576,26
91,Eadmund,Benediktsson,(109) 7511329,6135
92,Pearle,Gilkison,(481) 2876091,54459
93,Felipe,Giotto,(618) 7309421,52138
94,Carolyn,McDell,(965) 7728667,8
95,Jordanna,Noli,(138) 8260826,81117
96,Willard,Ivashnikov,(441) 8248989,952
97,Liz,Peracco,(645) 7913841,458
98,Katine,Carren,(155) 5626138,743
99,Gregorius,Casolla,(635) 8995097,1
100,Davidde,Bringloe,(132) 8571252,8
101,Levin,Clayill,(758) 9413052,1754
102,Emelina,Pache,(663) 4496359,64697
103,Beatriz,Paulo,(312) 3730906,3813
104,Kincaid,Human,(256) 6824698,52
105,Janela,Jayes,(853) 3406545,89
106,Katee,Bambridge,(807) 9900558,6996
107,Annis,Algate,(461) 2898023,9089
108,Emmalyn,Keuning,(572) 6839830,29
109,Cortney,Philipps,(767) 2927947,104
110,Rhodie,Billion,(263) 7696318,53
111,Herculie,Ziemke,(836) 9433887,2339
112,Alvy,Raitie,(238) 1939741,3
113,Tanhya,Houlson,(782) 8794569,484
114,Gertrude,Evason,(899) 8234944,9
115,Mattie,Kenwell,(960) 5889655,4377
116,Tonie,Henaughan,(553) 3441765,880
117,Lenna,Langshaw,(842) 2292520,04
118,Nertie,Tzarkov,(231) 6084628,9
119,Myrtia,Paulton,(919) 5668209,680
120,Emera,Itzhaiek,(602) 8851746,4
121,Sherry,Glazebrook,(326) 9209824,38343
122,Dedie,Witter,(802) 2354733,34
123,Emmett,Abys,(209) 3213196,16971
124,Tony,Kohring,(639) 4263326,946
125,Myrna,Milsted,(858) 3604111,8893
126,Selina,Perl,(159) 4552037,0674
127,Jeramey,Jeal,(813) 1618322,328
128,Jodi,Towle,(637) 6305519,401
129,Adrianne,Krauss,(244) 7211556,01909
130,Ammamaria,Fearn,(961) 4060696,2
131,Rosalind,Blackborne,(231) 6899436,5092
132,Kenna,Frear,(655) 7420886,7332
133,Micheline,Pinnijar,(753) 9021757,499
134,Gunilla,Tribell,(320) 2185620,2522
135,Paulie,Inchboard,(465) 3208381,52
136,Olwen,Alti,(677) 8136416,4
137,Wildon,Halling,(787) 6519391,7027
138,Bard,Ivanchenkov,(741) 5981508,0
139,Jewelle,Newcome,(613) 1284604,4
140,Sandro,Willson,(378) 4957779,05909
141,Lenee,Mart,(816) 4041861,18924
142,Kelila,Boddie,(523) 5718747,793
143,Lotti,Spaducci,(991) 3956822,261
144,Cahra,Major,(163) 3096451,4
145,Emmye,Stocky,(168) 4357166,6
146,Viki,Izak,(680) 2327084,3
147,Christiano,Bendall,(310) 5492250,88
148,Orelee,Wethered,(426) 5840379,008
149,Elissa,Verdon,(224) 9307574,36
150,Cass,Tomsett,(791) 2060356,6
151,Bobette,McLleese,(812) 9192022,1237
152,Amandi,Tallquist,(247) 7101910,2047
153,Joana,Correa,(101) 5965274,0628
154,Carlina,Castanho,(320) 9332828,6
155,Junia,Wadlow,(183) 1013705,7057
156,Gwen,Doelle,(355) 4378301,52
157,Debby,Caffin,(745) 6592480,152
158,Laureen,Fiddyment,(988) 8086197,35
159,Heriberto,Langran,(213) 4612847,2
160,Giacinta,Faux,(458) 3760641,38908
161,Theodoric,Annand,(205) 9812110,6226
162,Stormie,Loyd,(654) 5069074,29
163,Marita,Oliphard,(813) 9174258,67069
164,Hally,Deaves,(137) 5823224,8701
165,Claudian,Semeniuk,(397) 8651179,29
166,Alfie,Manners,(201) 3938720,32
167,Etan,Lettley,(585) 8765480,83
168,Benji,Starsmeare,(777) 5413765,016
169,Abelard,Grendon,(652) 5060684,56949
170,Josi,Kinchington,(653) 4092176,7
171,Hildy,Klaassens,(969) 2757474,00018
172,Ronny,Herche,(591) 2864066,2
173,Kare,Knightley,(839) 2108084,4
174,Cello,Bedo,(394) 2593898,236
175,Gerek,Trudgeon,(378) 2835664,74
176,Franky,Brister,(802) 9568334,990
177,Dona,Hillhouse,(262) 8467985,95
178,Kelby,Byrom,(362) 7260774,5262
179,Averil,Pheby,(314) 8782583,0920
180,Fancie,McCahill,(444) 1756273,80043
181,Paul,Gillings,(998) 7680955,79
182,Darrel,Duer,(859) 9983130,9
183,Lenette,Dufoure,(633) 6272091,2
184,Loralee,Try,(633) 1265757,94345
185,Nanete,Pauwel,(353) 7008703,50
186,Fayth,Ivanyukov,(311) 8140392,5
187,Alyse,Uttermare,(249) 3320105,938
188,Rhody,Botterell,(639) 2281355,4
189,Nero,Molian,(314) 1776284,929
190,Nathanial,Van Der Weedenburg,(307) 8295728,07
191,Shina,Wyeld,(613) 3921047,83628
192,Joycelin,Overy,(942) 2992006,0928
193,Cass,Buer,(795) 6968024,3983
194,Staford,Bosson,(464) 3644717,58662
195,Cathie,Petrakov,(884) 2409457,33
196,York,Bilston,(841) 7019173,08025
197,Windham,Donativo,(222) 5214171,88478
198,Stavro,Danzey,(857) 7949846,9934
199,Arlinda,Stearndale,(652) 9396168,1
200,Lilith,Merigon,(576) 4263987,50824
201,Baron,Hayley,(733) 9719884,384
202,Huntington,Knutsen,(982) 6818535,76
203,Heath,Hurich,(890) 1600420,06
204,Marcelle,Allawy,(542) 2094782,11
205,Abby,Marshfield,(538) 2939691,25975
206,Dan,Peirazzi,(203) 4589084,4763
207,Emilee,Gopsell,(166) 9476813,29450
208,Querida,Rigney,(406) 4848816,80
209,Delmer,Emblen,(738) 6795010,2733
210,Brad,Toppas,(344) 3353697,21
211,Westbrooke,Bett,(657) 4770027,382
212,Nelle,Tyce,(962) 8389856,28
213,Theodosia,Sarney,(482) 6701232,32300
214,Fitzgerald,Hinstock,(385) 2931951,8673
215,Putnam,Mewe,(691) 6745344,140
216,Tuckie,Becraft,(746) 1679280,349
217,Adolpho,Collet,(227) 7669821,18
218,Selestina,Yter,(354) 2398089,3841
219,Mollie,Segrave,(392) 6755501,3334
220,Juditha,Dietsche,(695) 6050781,0
221,Dillon,Scriver,(861) 4912311,8709
222,Edyth,Sudron,(654) 7112486,01174
223,Carlotta,Worthy,(851) 8371156,54
224,Lennie,Manoch,(746) 2968946,865
225,Karolina,Bredgeland,(483) 1788649,1
226,Raul,Ivie,(633) 5897967,88
227,Martie,Burchess,(555) 9669150,17
228,Deeyn,Orme,(968) 2294967,8
229,Chuck,Load,(436) 7936043,85
230,Inger,Sumers,(896) 1456659,48
231,Sergio,Axford,(308) 4222145,7
232,Isidora,Simond,(284) 1053590,4
233,Marsh,Piechnik,(568) 2114510,1767
234,Anabella,Packwood,(548) 2996880,2488
235,Damon,Cossum,(816) 7671426,5
236,Sukey,Hearle,(331) 9483508,39
237,Bryanty,Refford,(121) 3656055,89
238,Heida,Whitlam,(831) 2319734,82
239,Cedric,Tommasetti,(325) 5148708,5
240,Thelma,Lampens,(105) 5684819,3
241,Theadora,Wroath,(607) 7766833,57702
242,Tarra,Stack,(398) 5179162,29491
243,Stanford,Savile,(104) 8626927,0
244,Nicola,Dulany,(752) 8224315,2
245,Sebastian,Elford,(243) 1781708,4192
246,Noelani,Trill,(388) 7525599,81
247,Mirabelle,Harkins,(920) 3460528,574
248,Alwyn,Mathewes,(719) 8587441,94
249,Eberhard,Klulisek,(397) 8647910,7160
250,Laurena,Middiff,(260) 5633928,28
251,Nicolea,Doe,(134) 2964128,13
252,Helge,Amdohr,(515) 9040617,5
253,Caprice,Smillie,(420) 5271272,8
254,Mario,Phillps,(409) 4165179,1331
255,Alberik,Bohan,(178) 8596724,80
256,Nettie,Leger,(146) 1087817,5497
257,Kit,Backshall,(828) 2422319,8515
258,Michaeline,Harrigan,(954) 1851933,36727
259,Jenine,Glowacha,(392) 4864126,1
260,Renato,Povey,(139) 1823015,67622
261,Fran,Solman,(844) 9515258,82
262,Eloisa,Yearn,(475) 7911609,559
263,Hurlee,Klimov,(500) 9617067,02173
264,Kevina,Cathersides,(669) 2089424,663
265,Lucy,O'Dempsey,(554) 2391903,9866
266,Almeta,MacKnocker,(928) 7912155,63
267,Addie,Leyfield,(318) 3529494,1
268,Aymer,Plewman,(473) 8410203,1
269,Brett,Kennford,(750) 8532053,12
270,Isaac,Empson,(355) 6419823,506
271,Odelle,Phippin,(617) 6948060,64609
272,Micah,Kenefick,(291) 5075539,7807
273,Adriena,Cordie,(689) 9647800,2098
274,Blondelle,Alywin,(735) 5345911,036
275,Ellsworth,Trippick,(647) 4015430,2
276,Renelle,Waterstone,(370) 9935388,0737
277,Karyn,Rasper,(186) 3019716,13
278,Claude,Arckoll,(155) 4048630,5420
279,Maure,Jouandet,(557) 6179305,4
280,Marabel,Philippou,(107) 8468596,6
281,Ruby,Schneidar,(513) 7452230,441
282,Samaria,Feldmann,(613) 6902899,8
283,Gregorius,Mussen,(787) 8762837,61
284,Eldin,Crew,(277) 1631566,1610
285,Roze,Lachaize,(504) 7679169,63
286,Jesus,Rosewarne,(223) 6387612,13
287,Merla,Niche,(558) 3200563,69
288,Anna-diana,Fake,(661) 6519175,7
289,Kanya,Bruin,(213) 1396663,9867
290,Germain,Devita,(167) 7328191,7685
291,Wolfgang,Truelock,(846) 7044098,535
292,Colver,Dunn,(831) 4342388,9685
293,Albie,Venney,(583) 5541609,90831
294,Dosi,Petrosian,(901) 7238501,55086
295,Mame,Fidal,(986) 6361341,2
296,Eliot,Titcomb,(879) 4387203,75493
297,Dena,Ceillier,(783) 7551296,8555
298,Eadie,Illem,(721) 9518343,26
299,Witty,Squier,(984) 9953022,36
300,Mordy,Ransley,(560) 2567678,28609
301,Katerina,Ibell,(938) 4893423,57
302,Nicholle,Dolohunty,(386) 2469390,2
303,Portie,Hagley,(390) 2994279,559
304,Kaylyn,Dowbekin,(866) 9370983,6
305,Eugenie,Ennion,(893) 1220986,557
306,Gerald,Coursor,(691) 1502870,8
307,Laura,Petrovykh,(233) 1348251,61
308,Kirk,Curtayne,(213) 1518156,6314
309,Calli,Kubatsch,(426) 3780408,6255
310,Annadiane,Bertouloume,(523) 1130614,37
311,Lowe,Ettery,(842) 3600249,248
312,Thatch,Comino,(936) 6897186,8
313,Britt,Carnie,(355) 1039506,1603
314,Baillie,Patemore,(974) 3630229,9
315,Nap,Frankiss,(186) 2949077,8674
316,Taylor,Vinson,(496) 4211177,05
317,Virge,Dake,(348) 1962773,020
318,Manya,Steptowe,(767) 9845628,853
319,Forrest,Cosgrave,(853) 8208598,77625
320,Claudia,Baldoni,(953) 3569879,5
321,Reba,Assur,(950) 3040069,4584
322,Erminie,Fairman,(180) 6592325,8679
323,Annabela,Howford,(769) 9105672,2
324,Salvador,Meakin,(878) 9979668,28753
325,Gerry,Morby,(633) 3124701,5
326,Mallorie,Reuther,(560) 4184299,155
327,Carr,Lemme,(216) 9442592,9
328,Justis,Peirpoint,(244) 8034910,367
329,Stevy,Gerardot,(534) 4619224,46833
330,Dexter,Jansema,(630) 8182552,773
331,Feodora,Tomkies,(421) 8773146,1
332,Ulrike,Marciek,(799) 2923817,23
333,Rasla,Solan,(289) 5612532,71
334,Jamison,Posvner,(562) 2638995,5733
335,Sydelle,Wehden,(741) 9495090,1
336,Adriane,Withull,(829) 8982151,758
337,Elka,Margram,(758) 9915795,2575
338,Gray,Campana,(468) 5106614,17789
339,Chalmers,Bittlestone,(171) 8950877,6
340,Forester,Foyle,(972) 5230715,8
341,Keefer,Gripton,(971) 5671241,44388
342,Brittni,Wilflinger,(434) 5521942,28186
343,Jackie,Cowperthwaite,(171) 2771072,3
344,Tabby,Etoile,(664) 8065079,59
345,Aluin,Marron,(455) 8842313,9
346,Warren,Groger,(553) 6847358,5769
347,Hanny,Sharrem,(639) 8952633,397
348,Ethyl,Shenfish,(590) 1287831,74
349,Teddi,Thackeray,(327) 9210525,91958
350,Merola,Wyllcock,(110) 3784268,88050
351,Deeyn,Goward,(448) 8953119,1
352,Avivah,Bamell,(250) 6979598,7752
353,Joni,Haylett,(959) 6629638,320
354,Sydney,Redford,(521) 8876839,1
355,Corbie,Disbury,(892) 1077047,724
356,Ellen,Karlowicz,(237) 2897949,41443
357,Denys,Mallion,(184) 2504606,57027
358,Gianna,Neicho,(807) 5523192,3242
359,Ashlie,Beadell,(908) 8341599,15762
360,Cornelius,O'Doireidh,(165) 2547762,1567
361,Fanya,Grigsby,(811) 8352098,2
362,Dorothee,Mordey,(482) 9861305,78687
363,Nanny,Hargroves,(764) 6760770,205
364,Kanya,Bockler,(802) 6546161,036
365,Nonie,MacSherry,(981) 8697217,47710
366,Lemar,Skittles,(743) 9588654,3
367,Dorthy,Tofpik,(903) 2291256,0
368,Blakelee,Calkin,(328) 7581326,4
369,Davon,Coppard,(604) 6090398,7
370,Rivy,Hobbing,(579) 5719100,9241
371,Kora,Insworth,(534) 2902688,722
372,Addy,Bellson,(324) 7591300,62288
373,Sibilla,Perrelle,(767) 8386774,0
374,Parry,Kirsche,(674) 2942136,48996
375,Eba,Barthrup,(307) 3496752,6
376,Dulcia,Phear,(968) 1823689,8
377,Lois,Owen,(241) 3728643,8274
378,Carmencita,Bussons,(312) 4948243,3
379,Aldric,Rivalland,(111) 3442112,29252
380,Brandtr,Machel,(655) 1579393,5473
381,Glyn,Uttley,(611) 5140501,51823
382,Andeee,Raffin,(817) 7378738,3947
383,Mariska,Hurche,(749) 2674874,78023
384,Gavin,MacLaren,(672) 9293885,5235
385,Timothy,Trahearn,(206) 6243591,2189
386,Sunny,Charity,(462) 8372012,7745
387,Breena,Malacrida,(538) 7254081,41
388,Dulci,Alesio,(952) 9787407,4
389,Meagan,Orknay,(820) 5790781,0
390,Des,Truss,(269) 6423814,774
391,Florette,Bonas,(453) 7526601,303
392,Stanislas,Ilyin,(716) 8747070,80
393,Donielle,Walkling,(953) 5330015,707
394,Danette,Loweth,(131) 5197871,1
395,Fredrika,Maxwaile,(179) 8411063,950
396,Gustavus,Debill,(361) 6003035,7777
397,Caz,Rosling,(722) 9369273,71521
398,Goober,Blown,(648) 7376236,8
399,Kirbee,Avey,(402) 4364397,557
400,Padraic,Blesdill,(336) 2043893,79
401,Aldwin,Daldry,(388) 8863896,294
402,Jenilee,Frayling,(597) 4080722,052
403,Dale,Barkus,(369) 5864671,67
404,Perle,Wiltshear,(819) 1789403,7686
405,Amory,Standish-Brooks,(768) 7796107,8091
406,Hansiain,Janes,(302) 7738713,149
407,Porty,Paxforde,(817) 9612284,28
408,Brooks,Syseland,(940) 4888244,85
409,Lay,Dorricott,(415) 5867262,82
410,Ynez,Swenson,(440) 2243651,18
411,Brigg,Case,(497) 1691922,6584
412,Calhoun,Hankard,(894) 1849684,880
413,Ferne,Phateplace,(243) 9101012,98177
414,Berget,Evershed,(261) 4271060,45
415,Ailis,Kreber,(747) 9660072,20
416,Bartram,Hollyland,(299) 6706679,807
417,Joshua,Cutteridge,(985) 2040328,55
418,Serge,Geer,(493) 7400077,60
419,Killy,Pentelow,(614) 6832905,65332
420,Matilda,Kinghorn,(346) 3650342,353
421,Charlie,Tuxill,(707) 7733842,7
422,Artemas,Loncaster,(910) 4795721,0
423,Reuben,Bridat,(249) 1780331,0889
424,Pansie,Franseco,(567) 2537182,37
425,Gerhardine,Mulholland,(590) 7484028,07
426,Washington,Ager,(701) 6821156,02769
427,Eimile,Alger,(721) 2650459,4
428,Herb,Burwell,(878) 6671179,3963
429,Ermanno,Melato,(855) 2442553,18
430,Lilli,Dohmer,(835) 9522742,581
431,Frants,Kowalik,(890) 6512682,66701
432,Mehetabel,Daenen,(820) 6621562,30
433,De,Lugsdin,(379) 3425982,6165
434,Christophorus,Iacobetto,(286) 2403594,90714
435,Phineas,Patemore,(209) 2471051,593
436,Marita,Charlesworth,(428) 5285880,14
437,Stephanus,Cornewell,(378) 1908052,4
438,Julieta,Pittman,(201) 5621374,8
439,Kermit,Gawkroge,(408) 2805626,9202
440,Scot,Tiuit,(709) 3341025,6602
441,Hewe,Flade,(259) 9733173,6
442,Branden,Haggith,(283) 3089438,40
443,Siana,Willcox,(742) 7235352,60029
444,Lew,Sanford,(803) 8762388,0
445,Adams,Jillions,(955) 8019431,281
446,Basia,Keymer,(909) 4422141,1
447,Glendon,Rudolph,(871) 8747379,57
448,Clovis,Pinck,(440) 5059902,8855
449,Tobit,Olczak,(990) 4473317,28767
450,Tabbitha,Panther,(804) 7414040,9
451,Fayette,De Ruggero,(511) 1129080,34
452,Martin,Moret,(613) 2628211,0
453,Caz,Ingraham,(162) 6525956,0
454,Lindsay,Leonida,(110) 4602075,82
455,Theodosia,Jencey,(662) 3305499,0
456,Kordula,Cantrill,(216) 7169938,5591
457,Audrie,Duplock,(457) 3147774,307
458,Mersey,Goldis,(830) 3822444,9
459,Karly,Coiley,(852) 1679759,831
460,Rakel,Menauteau,(895) 8680254,52
461,Jolyn,Januszewski,(222) 6002644,5492
462,Sibbie,Werendell,(861) 5686182,80330
463,Margarette,Skocroft,(270) 8922496,01
464,Monika,McConnulty,(922) 4891123,7
465,Esme,Rontsch,(428) 5417128,2
466,Vin,MacCarrane,(711) 1689070,00839
467,Natalie,Gallimore,() 9939592,212
468,Flori,Shakle,(753) 1095214,157
469,Dorette,Burgoine,(778) 3639491,1
470,Jobi,Boich,(207) 2003024,0583
471,Oliver,Antonsen,(320) 1147607,8
472,Dunstan,Suatt,(866) 5174916,7531
473,Harwell,Dibbin,(136) 9729403,11179
474,Dina,Barratt,(623) 4010763,58
475,Milly,Hamm,(530) 5128814,708
476,Ilysa,Sprankling,(245) 3099802,23
477,Ottilie,Troppmann,(200) 1639004,2305
478,Martelle,Monday,(824) 8233708,6954
479,Ursa,Wallas,(912) 6066137,8
480,Dannie,Criple,(928) 6221631,1694
481,Dilan,Gate,(858) 1518386,1
482,Jillayne,Vercruysse,(282) 5301706,59
483,Chaunce,Van der Beek,(445) 7096481,9970
484,Enoch,Bonett,(277) 7327987,61
485,Shir,Aldersley,(334) 9178780,252
486,Kiley,McClymond,(602) 6586061,38
487,Suellen,Mattia,(893) 8718385,45
488,Tonya,Roset,(563) 4033104,63
489,Helen,Mc Curlye,(304) 4559006,706
490,Hendrik,Folliss,(171) 8354090,071
491,Gerry,Obin,(404) 6545970,74891
492,Natale,Sproul,(398) 5811914,0017
493,Ola,Grindley,(326) 4937393,900
494,Devondra,Debow,(277) 2638879,45531
495,Pam,Ailsbury,(342) 4611713,3
496,Arty,Telling,(175) 3928262,799
497,Jeramey,Lyttle,(577) 7577602,03464
498,Dorie,Linge,(141) 5365963,1941
499,Mordecai,Antham,(983) 8471875,47891
500,Audi,Dumsday,(890) 1765246,28181
501,Mathilde,Johnes,(332) 2906008,3
502,Ambros,Booth,(803) 6032420,621
503,Johan,Kentish,(479) 8268457,17
504,Gifford,Bleier,(624) 1723891,87
505,Lewie,Goudie,(414) 1370687,52
506,Johann,Eighteen,(205) 9697968,64706
507,Richart,Crotch,(413) 6308411,65
508,Isadore,Ruggen,(533) 6131380,6633
509,Arney,Assante,(172) 1384708,2
510,King,Juste,(260) 1649560,390
511,Arty,Insoll,(656) 7893495,3289
512,Dunc,Laetham,(338) 1721063,105
513,Tatiana,Gooddie,(750) 9590884,008
514,Aveline,Warratt,(198) 2518854,5365
515,Galvin,Casper,(846) 5406920,162
516,Farly,Gillease,(387) 8607462,423
517,Sigismondo,Cettell,(393) 4424363,51116
518,Kerrie,Giorgiutti,(681) 3526254,79
519,Cleo,Gillyett,(114) 2728214,686
520,Ash,Ubsdall,(746) 3884919,68118
521,Maryann,Merrifield,(972) 7536678,9058
522,Lorianna,Casburn,(629) 2745084,023
523,Bellanca,Dalla,(675) 5261296,9836
524,Leeland,Notti,(422) 4043083,9210
525,Ferd,Oulett,(456) 3245624,79
526,Krystalle,Tomasek,(115) 7014346,46062
527,Hedvige,Siddaley,(719) 6633225,36338
528,Chad,Gerlack,(216) 4790140,671
529,Jenda,Playle,(128) 4195753,1962
530,Cos,Roome,(147) 8001042,9
531,Abigael,Quincee,(767) 7219814,817
532,Janelle,Tookey,(147) 5525349,99325
533,Hermie,Porkiss,(907) 9742344,40
534,Mellisent,Stennard,(275) 3726267,5
535,Birgit,Stapylton,(769) 9881993,18721
536,Cristen,Boyen,(300) 7464347,87752
537,Odetta,Alkins,(945) 1895567,6036
538,Natalina,Sandifer,(552) 5482404,3
539,Gray,Ibbotson,(824) 9530386,273
540,Tommi,Ector,(561) 5328619,3455
541,Nevile,Ohm,(855) 5532794,5
542,Clarabelle,Kellard,(202) 9566544,29
543,Henri,Monshall,(391) 2340801,2
544,Lazar,Treleaven,(644) 9171865,1001
545,Cart,Woolcocks,(780) 5429543,822
546,Giustina,Jeffryes,(656) 8155333,386
547,Myrtie,Jandera,(771) 2305983,090
548,Wallas,Arnefield,(805) 7196264,4316
549,Kiri,McIlvaney,(249) 5790216,1322
550,Cullin,Rannigan,(789) 5582714,9713
551,Celestina,Jickles,(299) 6703204,0108
552,Louisette,Glasson,(699) 5601925,8942
553,Tallie,Dower,(448) 6168469,3
554,Chelsae,Dufaire,(418) 1562373,874
555,Almeria,Heaffey,(655) 4960889,79553
556,Renaldo,Stollwerk,(816) 9772934,305
557,Aimee,Ferriday,(358) 4520642,8022
558,Cymbre,Campana,(190) 1057988,6
559,Angeli,MacAvaddy,(957) 1265594,7
560,Margaux,Peddie,(622) 3614294,1114
561,Justino,Beedham,(733) 4882217,21
562,Hyacintha,Yedall,(622) 3459314,23
563,Dur,Burgisi,(245) 6687787,9
564,Margette,Castagnier,(855) 8574753,3
565,Meara,Spollen,(829) 7499503,2
566,Ines,Brisley,(453) 4545691,21688
567,Chester,O'Crotty,(280) 7300261,353
568,Felizio,Klain,(861) 5099521,0925
569,Carmine,Haddleton,(674) 8159884,0275
570,Tonie,Birrel,(895) 1336269,0030
571,Darren,Hadeke,(466) 3539226,45310
572,Selinda,Savil,(699) 8058857,64
573,Giustina,Barlee,(959) 6136655,098
574,Mikey,Van Giffen,(637) 7736717,3
575,Joan,Streeton,(205) 5106251,97
576,Kippar,MacAloren,(409) 5643786,71937
577,Sylvia,Connar,(599) 4379495,7820
578,Del,Clunie,(883) 8281694,32
579,Kip,Sahnow,(346) 3612005,2191
580,Dur,Bales,(567) 2667144,4579
581,Gerick,MacMenemy,(874) 2535951,65153
582,Chrystal,Echalie,(740) 1915009,1451
583,Garrett,Tieman,(495) 8462310,52
584,Leeanne,Delahunt,(494) 1719610,18
585,Savina,Birkin,(445) 9723598,6758
586,Austen,Vala,(472) 6339953,861
587,Darbie,Curme,(438) 4432593,58566
588,Field,Rutigliano,(825) 5792227,794
589,Goldarina,Kidd,(651) 3584589,11976
590,Dot,Jedrasik,(202) 6934716,880
591,Brendin,Elwel,(505) 8957164,074
592,Glynda,Fagence,(942) 6301971,21
593,Marnie,Gullivent,(540) 1846889,87140
594,Waiter,Bains,(249) 9777485,0172
595,Matthiew,Lax,(397) 5113068,36
596,Ebba,Deegin,(302) 3954853,29
597,Rochester,Gerrit,(450) 2253922,670
598,Mariejeanne,Belone,(968) 1207600,877
599,Jasmina,Leeburn,(294) 6910297,1
600,Regan,Terese,(124) 2545828,909
601,Orrin,Skeermer,(658) 4918428,0119
602,Wylie,Rocco,(700) 4296179,11890
603,Horace,Knightsbridge,(950) 4362078,226
604,Tobit,Eliasson,(430) 1915319,37314
605,Austin,Minet,(644) 9046209,07
606,Giuditta,Salla,(708) 9374355,96
607,Boothe,Thorneloe,(728) 8565530,6885
608,Cecil,Dwyr,(590) 8663940,15
609,Thorny,Hentzeler,(897) 3219935,91154
610,Dona,Tallis,(319) 2830125,50267
611,Becka,Pragnell,(573) 2829892,136
612,Hedwiga,McCay,(126) 9106174,3407
613,Artur,Guillard,(611) 1949942,491
614,Regina,Cundy,(195) 1425236,5
615,Moina,Notton,(994) 4626974,5578
616,Alphard,Haskew,(582) 7798923,757
617,Marion,Drewet,(996) 2677949,26941
618,Kilian,Matuszak,(516) 3190682,5305
619,Adele,Probbing,(746) 3716885,5
620,Patten,Vockings,(725) 6098152,7371
621,Bibby,Mingotti,(791) 2008665,762
622,Lauree,Follett,(236) 2502782,494
623,Pammi,Derwin,(494) 5837524,5572
624,Sandi,Titcom,(852) 9476150,00152
625,Carlin,Camacke,(374) 7137885,10
626,Pansie,Mellodey,(206) 8298234,12006
627,Mavra,Shoute,(538) 9777223,43901
628,Lauree,Wandtke,(581) 3209613,061
629,Lee,Veitch,(371) 5601239,90221
630,Kort,Cromblehome,(326) 1917753,71110
631,Justis,Easseby,(709) 7724998,3050
632,Sydney,Servant,(607) 2593052,29290
633,Xena,Renforth,(289) 8543847,72562
634,Willa,Lightwood,(580) 3009944,8188
635,Sig,Hensmans,(462) 1806239,0118
636,Jen,Gobourn,(639) 7535998,3
637,Field,Grigorey,(624) 8724495,723
638,Tracey,Lamplough,(545) 6051210,296
639,Bonita,Blowick,(429) 3804978,53996
640,Gerome,Philliskirk,(223) 2870932,8
641,Rollin,Tidbold,(928) 7999889,342
642,Janela,Boshere,(210) 4403253,252
643,Berny,Gilliatt,(327) 6796679,1105
644,Aile,Grotty,(300) 1819630,3645
645,Nappy,Rosita,(960) 7384691,45
646,Issiah,Jukubczak,(513) 8709677,0659
647,Darb,Subhan,(578) 1847550,686
648,Lin,Commuzzo,(384) 3081137,99742
649,Felisha,Priestman,(288) 7553602,37108
650,Raffarty,Ghidoni,(535) 3067683,3
651,Bethina,Pashba,(396) 3901365,743
652,Margareta,Gerber,(122) 9704844,505
653,Dacie,Brockwell,(299) 9669472,820
654,Clemmy,Lyddon,(546) 9173863,6
655,Hillie,Fearn,(953) 8850681,2462
656,Almire,Steventon,(569) 5483712,67
657,Margette,Gethouse,(941) 9246828,928
658,Craggie,Haigh,(598) 3363658,2885
659,Elsey,Marin,(483) 6795802,2439
660,Thorn,Whicher,(776) 3733677,1
661,Thane,Benck,(589) 6990758,404
662,Briggs,Stodd,(844) 5794037,677
663,Deonne,Tuck,(866) 7684189,06
664,Ephraim,Willson,(326) 3508711,626
665,Chelsae,Tibbs,(172) 3856208,614
666,Sibylle,Camosso,(643) 2230983,81
667,Hillie,Gilstin,(907) 6996971,4
668,Kerry,Edser,(568) 1021704,3817
669,Yves,Westerman,(389) 7957654,0654
670,Lilah,Edelmann,(420) 9519231,09
671,Annice,Le Fevre,(252) 2716183,32
672,Delphinia,Bentson,(742) 8107222,445
673,Ninon,Normanvell,(904) 9889205,607
674,Muhammad,Rowler,(523) 5190670,7397
675,Tully,Trippitt,(856) 4747480,1
676,Florrie,Frostdyke,(569) 4646923,8
677,Jarvis,Trubshaw,(508) 4545031,81310
678,Llewellyn,Bethel,(831) 8885033,3
679,Kerrin,Bellsham,(842) 1305966,59
680,Debbie,Besque,(325) 3023440,83012
681,Wain,Maleham,(183) 9147785,205
682,Lana,Reilinger,(766) 5982075,2641
683,Charley,Mettricke,(194) 5791673,6747
684,Ransom,Parnham,(513) 2610237,59396
685,Rene,Lambkin,(739) 2453734,8655
686,Mil,Petru,(176) 1291640,627
687,Harriett,Junkinson,(693) 7759535,24
688,Florinda,Santorini,(278) 6313781,53180
689,Lynett,Fawthorpe,(592) 3385212,738
690,Debor,Brawn,(691) 1112702,357
691,Haskel,Korting,(660) 6362581,53324
692,Keen,O'Harney,(359) 6387771,25868
693,Leola,Bassingden,(370) 7312350,8682
694,Shannon,Sarre,(976) 2396000,4183
695,Willamina,de Banke,(588) 5882492,40651
696,Wilmar,Delgaty,(742) 7778190,05
697,Barnabas,Hubber,(378) 5061087,25
698,Chere,Tubble,(152) 7647220,83
699,Christye,Winchcum,(929) 8056869,5
700,Nadya,Taysbil,(142) 4552947,56
701,Aron,Crellin,(443) 2022424,4
702,Kirbie,Skelhorn,(746) 4264579,0502
703,Merola,Crammy,(810) 1071193,41055
704,Portia,Fearney,(462) 7947493,76263
705,Clement,Pettegre,(647) 4059069,6
706,Vincenty,Maymond,(536) 5500285,7643
707,Tanner,Fardo,(670) 3766885,9
708,Franni,Cowley,(956) 3457131,5298
709,Calley,Dionisetti,(833) 3902702,291
710,Cece,Berriball,(282) 2799535,53867
711,Pauly,Snoddin,(131) 2379992,8
712,Cchaddie,Trayton,(189) 3653975,5
713,Marlin,Laughren,(831) 9609085,5807
714,Prissie,Organ,(577) 4117502,88217
715,Dolly,Birrell,(213) 3326135,2
716,Hartwell,Weller,(129) 7495423,6
717,Brook,McFee,(143) 3592979,5264
718,Valle,Brockway,(407) 6026472,14
719,Shepperd,Ceeley,(577) 1376088,7398
720,Lambert,Gartin,(606) 5748121,2
721,Richard,Malletratt,(635) 3733679,46602
722,Reed,Peacham,(164) 3473264,8756
723,Perla,Fergie,(331) 6042169,6
724,Nahum,Zimmermanns,(937) 6721442,8365
725,Pepito,Habberjam,(852) 1886125,3061
726,Ottilie,Olpin,(314) 5351718,64
727,Claudio,Harlowe,(243) 3723591,312
728,Gustaf,Shardlow,(798) 8096484,26080
729,Berthe,Rimington,(341) 6183687,55922
730,Rafi,Manjot,(353) 6933846,98475
731,Gaspard,Musson,(603) 5831894,449
732,Tyson,Heiner,(766) 1872947,8
733,Esme,Doumer,(446) 2523213,98156
734,Rolland,Laverty,(577) 3816705,15
735,Marchall,Chanter,(826) 4641466,06918
736,Dominic,Rockwell,(683) 2989339,9199
737,Bird,Chasmar,(683) 2328239,3
738,Rozalie,Dowty,(727) 1485962,99
739,Court,Tenwick,(516) 7403794,6
740,Beitris,Doorbar,(940) 1326945,307
741,Friedrich,Puxley,(283) 6371186,8296
742,Chaim,Corrett,(608) 6328041,104
743,Babara,Kordova,(721) 9094980,7
744,Edgar,Siveyer,(185) 5851161,3516
745,Amalie,Stokell,(772) 6105830,756
746,Melisenda,Barnicott,(601) 7041862,06
747,Ugo,Reese,(687) 9972385,205
748,Jeane,Narey,(145) 4648163,8139
749,Tresa,Wimsett,(570) 3156231,6
750,Fallon,Petrie,(410) 7512380,760
751,Murry,Hynde,(456) 5043872,5314
752,Giorgi,O'Noland,(490) 9721944,6
753,Dale,Laytham,(308) 9401058,617
754,Baxie,Cain,(690) 7472634,8
755,Glyn,Joska,(159) 9344483,63
756,Brod,Matevosian,(302) 3638541,17364
757,Violette,Adnam,(825) 9151467,352
758,Ruy,Parades,(293) 1495252,2
759,Earl,Ingold,(223) 1584142,66430
760,Dale,Jeffers,(248) 9923855,997
761,Glori,Markovich,(162) 7898835,02062
762,Marya,Enderson,(241) 3036430,8
763,Lazarus,Gatteridge,(705) 6346293,3086
764,Dory,McGeechan,(878) 5661743,8019
765,Trude,Baccus,(334) 1573951,2369
766,Ganny,Florio,(915) 5820505,8535
767,Christoffer,Bulley,(254) 1762686,15
768,Stephenie,Shalcros,(729) 1846211,765
769,Gay,Pawley,(825) 7703071,24673
770,Durand,Magwood,(579) 3439100,98
771,Kaila,Glewe,(318) 1801183,85363
772,Belvia,Gemlett,(770) 1892299,2
773,Wilek,Clopton,(707) 9355863,62
774,Odessa,Halpin,(176) 3469560,06
775,Barnabe,Lissaman,(848) 5886288,26558
776,Clarisse,Gerhold,(282) 5715833,62
777,Isac,Barmadier,(299) 4696463,693
778,Curr,Calway,(424) 2544021,1
779,Pascal,Puttick,(301) 8417822,5612
780,Eartha,Erskine,(790) 4164912,85357
781,De witt,Shipway,(312) 1313211,79675
782,Thekla,Ricioppo,(438) 2752238,51958
783,Suki,Di Franceshci,(190) 7290907,8881
784,Dari,Ginnety,(385) 3888836,85
785,Deonne,Ive,(741) 7961639,09
786,Corbin,Thorneley,(722) 4828564,81451
787,Lanae,O'Haire,(915) 3086280,0253
788,Georgi,Fey,(698) 8607393,4
789,Genna,Brittain,(201) 4773272,90
790,Rachelle,Dallaghan,(911) 1100927,2131
791,Constancy,Proom,(628) 3790077,43693
792,Adaline,Assad,(682) 8419821,7716
793,Steven,Spennock,(812) 1160080,046
794,Koral,Gregh,(449) 1724691,82
795,Sylvia,Buckenham,(463) 1730982,02178
796,Lanna,Brotherton,(456) 1001086,03001
797,Clifford,Rocks,(165) 6343801,0
798,Alexis,Scawen,(632) 4548757,70605
799,Adelaida,Brownsea,(734) 5382365,9208
800,Georgette,Wybourne,(577) 8469027,7
801,Nealon,Bewlie,(441) 8312739,14011
802,Iggie,Cuttelar,(562) 5941329,32235
803,Frans,Ormistone,(404) 2241303,99
804,Dyanne,Haborn,(255) 1083518,79
805,Pinchas,Duffil,(708) 1284017,578
806,Beitris,Bragge,(211) 2179639,54
807,Denyse,Keeffe,(836) 2273579,6604
808,Jordanna,Cordie,(685) 8670400,06079
809,Talia,McCaughey,(550) 1712017,3
810,Jacquenette,Grimmett,(684) 5378249,5
811,Natalya,Dignum,(644) 4154887,2491
812,Quintin,Grimmer,(391) 2915417,50
813,Darbee,Tefft,(410) 6940438,9
814,Jo,Lejeune,(142) 6544147,5
815,Nalani,Colledge,(392) 7072386,392
816,Torrin,Phoenix,(153) 6336662,647
817,Phillip,Graundisson,(921) 6267728,567
818,Gillan,Van Son,(549) 5019046,3446
819,Vere,Hambidge,(251) 5781320,0444
820,Vinny,Fyfield,(989) 2548892,54077
821,Boote,Blagburn,(395) 9504145,432
822,Dilan,Shilstone,(394) 5759284,0
823,Felita,Cloake,(622) 9947171,384
824,Martie,Geggie,(334) 1695977,6664
825,Dietrich,Gomez,(407) 9541592,4004
826,Gerardo,Oneal,(152) 5348068,196
827,Rocky,Orgen,(754) 7998137,5
828,Butch,Longland,(432) 6788542,20415
829,Granny,Radband,(286) 3352285,9
830,Marcus,Signorelli,(630) 3396565,78
831,Karon,Ghelardoni,(228) 6895471,880
832,Meggie,Spinks,(535) 2042143,294
833,Ario,Persehouse,(579) 3616004,7
834,Robbie,Pietrowicz,(487) 6931701,338
835,Deeann,Tideswell,(669) 7565553,571
836,Celle,Duffrie,(450) 5584701,01
837,Karlens,Reckless,(277) 4121236,6
838,Cynthie,Rubinlicht,(426) 2463699,37
839,Ware,Brockie,(438) 2988769,67
840,Jeramie,Jakeway,(225) 5206098,75763
841,Harley,Chaim,(149) 5720983,09866
842,Murdock,Dancey,(166) 2945298,0
843,Natty,Orys,(638) 1769437,4
844,Cathyleen,Dobel,(940) 5405173,2
845,Wesley,Deme,(434) 9724198,13657
846,Cissy,Allaker,(779) 8106225,427
847,Inez,Sherbourne,(723) 1983815,4798
848,Gladys,Sowrah,(209) 6930511,859
849,Gwenny,Joinson,(886) 1736321,35
850,Hashim,Davidove,(916) 8634037,0
851,Daron,Gritten,(835) 9395797,1
852,Gabriellia,Rought,(925) 1550170,58
853,Jules,Nance,(710) 6402172,93
854,Vittoria,Woolland,(509) 3369183,34
855,Elka,Stephens,(162) 7794092,48
856,Corena,Dulake,(851) 8210035,9374
857,Dita,Brattan,(191) 4369528,026
858,Emyle,Shalliker,(474) 4022294,891
859,Zora,Fullom,(614) 9564839,1
860,Kelsy,Hellikes,(127) 1249003,58
861,Guendolen,Michieli,(842) 2063265,554
862,Estrellita,Kalaher,(985) 8504485,89141
863,Cyril,Cotsford,(270) 8656734,126
864,Faydra,Cescoti,(600) 1866125,09
865,Saw,Tyhurst,(493) 2285404,90522
866,Kristopher,Tweedell,(829) 2888108,345
867,Robers,Sambles,(465) 6613601,8199
868,Zonda,Ffrench,(546) 2916638,1623
869,Mohammed,Iacovuzzi,(209) 1494961,4
870,Benjy,Fibbens,(223) 6238606,552
871,Huntlee,Croser,(266) 2472972,1816
872,Brittaney,Boycott,(598) 4465007,3
873,Dael,Musicka,(539) 3923883,707
874,Tori,Stilliard,(256) 3103129,93503
875,Igor,Neicho,(368) 9992617,6157
876,Melisenda,Bruno,(255) 6839049,1
877,Corrina,Carlesi,(399) 7470273,5658
878,Idalina,Drakes,(560) 7627799,9174
879,Mariann,McEntegart,(750) 8281420,99302
880,Rudolph,Iseton,(755) 4386948,223
881,Gabbey,Spillett,(174) 2908288,91
882,Ursulina,Fenkel,(706) 5557416,1172
883,Cale,Escudier,(970) 7818452,0
884,Warner,Brashaw,(283) 6755684,7142
885,Joya,Beilby,(990) 8407537,71834
886,Annabelle,Bourdon,(390) 1365502,93
887,Clara,Naris,(891) 3046035,7
888,Aldus,Muat,(530) 9904969,6
889,Joete,Laherty,(259) 8515499,755
890,Letizia,Conklin,(162) 1588754,865
891,Bev,Shingfield,(262) 9614787,62171
892,Didi,Gouldeby,(758) 1880085,307
893,Alexandre,Yanukhin,(246) 8135158,1
894,Trace,Oldroyd,(612) 1875959,4890
895,Rutter,Gaven,(826) 4930769,366
896,Abdul,Robinett,(283) 8065342,380
897,Barbee,Clougher,(235) 5852914,29
898,Ninon,Marre,(796) 1564595,2
899,Heidi,De la croix,(850) 5810558,2604
900,Sal,Oehme,(213) 5145859,4
901,Mitchell,Ledrane,(304) 1328483,835
902,Alford,Osbidston,(546) 8325692,196
903,Jules,Pallister,(117) 8570526,3532
904,Whitney,Mollett,(296) 7977110,0
905,Dru,Keaves,(737) 2595830,82399
906,Pietro,Mountain,(415) 8313337,67273
907,Ailee,Chansonne,(798) 5833828,82809
908,Melina,Neesham,(100) 8775511,3
909,Cointon,Atcherley,(291) 4998790,146
910,Demetre,Lerway,(357) 3649522,2
911,Lionello,Danielsson,(805) 9753372,587
912,Elenore,Millin,(558) 2526625,05
913,Sibilla,Dyka,(442) 1657012,081
914,Denver,Sloan,(125) 5776006,434
915,Cristen,Fills,(957) 1871445,581
916,Cristin,Imeson,(114) 9238511,229
917,Remy,Powton,(414) 1196447,76
918,Wilton,Feasey,(890) 2426443,1
919,William,Klagges,(147) 6572080,155
920,Mara,Donke,(355) 8420148,5561
921,Bing,Domleo,(162) 8941979,5
922,Joana,Thurber,(951) 5272641,975
923,Eada,Dyet,(606) 5319336,2354
924,Mariellen,Roth,(628) 6756341,59172
925,Renae,Bardey,(964) 5429677,89711
926,Bonnee,Harrell,(649) 8192047,910
927,Pierette,Gruszecki,(610) 5621936,219
928,Olga,Mellor,(311) 1768321,8
929,Kirk,Cooke,(464) 3670902,972
930,Garek,Jeremaes,(587) 6726836,06
931,Cesaro,Gow,(923) 7833140,298
932,Berton,Fuller,(527) 4016349,7955
933,Frayda,Gladstone,(717) 2034448,2098
934,Dosi,O'Siaghail,(749) 5694512,71146
935,Roshelle,Camerello,(403) 7752817,94279
936,Garvin,Loveland,(770) 3406968,76
937,Alisa,Selburn,(297) 5643097,3
938,Emelyne,Barr,(587) 6559920,7
939,Esra,Seebert,(389) 6371676,7079
940,Wendie,Cauderlie,(796) 7805606,238
941,Natasha,Redholls,(245) 3885397,00573
942,Thurston,Santer,(831) 4507554,88
943,Jeanne,Flanigan,(107) 8185506,1
944,Gunilla,Erie,(847) 6397847,90
945,Joelly,Breen,(988) 4288901,5
946,Rivalee,Collie,(914) 3363314,992
947,Kerianne,Methley,(269) 4679340,63
948,Luella,Schriren,(418) 9701115,439
949,Jaimie,Shervil,(751) 5977189,34912
950,Shandie,Sieve,(114) 5476285,59723
951,Emanuel,Sommer,(184) 8031185,285
952,Ganny,Inchbald,(348) 4825600,51
953,Solomon,Ricardet,(248) 8399084,2385
954,Twyla,Scoular,(763) 2547875,85
955,Patty,Sheen,(613) 4815951,87
956,Bryon,Laybourn,(767) 5373148,490
957,Wendel,Howood,(518) 8956117,47355
958,Nessie,Coope,(102) 1287408,640
959,Sauncho,Hudel,(524) 1805918,8
960,Liuka,Thorneley,(303) 1009305,8062
961,Blinnie,Arbuckle,(818) 7130606,4565
962,Jermayne,Leathes,(863) 5306788,8
963,Leon,Skellen,(422) 5648735,0373
964,Nikki,Belitz,(430) 2293574,16444
965,Dorry,Paolino,(725) 9643332,1
966,Jorrie,Lever,(705) 7816750,89
967,Jeremie,Shark,(778) 3915783,361
968,Ivy,Cypler,(697) 5635543,7
969,Jackson,Drinkall,(187) 7993485,0972
970,Upton,Gordon,(966) 4634624,85357
971,Lynnell,Kleinplatz,(261) 4377206,3
972,Ramona,Charman,(956) 6767814,332
973,Dotty,Hargey,(720) 8797321,9793
974,Jennifer,Ferie,(479) 5239407,76
975,Robbyn,Balsellie,(554) 1223101,38553
976,Sorcha,Faulder,(614) 4072257,0433
977,Rolf,Chaffey,(302) 3244875,91011
978,Diena,Hiscoe,(364) 6807522,920
979,Umeko,Kesten,(311) 1318805,1620
980,Hugo,Stanlike,(583) 5905779,2
981,Brendin,Legrice,(726) 8180631,8
982,Dietrich,VanBrugh,(269) 5183939,0381
983,Mei,Ruppeli,(843) 8769299,9
984,Tessi,Crumb,(235) 1402920,489
985,George,De Angelo,(322) 6166682,72
986,Delores,Thatcham,(363) 3887084,35201
987,Kelcy,Maxwale,(177) 7829679,7
988,Augusto,Henriet,(213) 8509156,816
989,Ashley,Graybeal,(876) 5264915,4560
990,Malissia,Shemmin,(883) 7696627,86590
991,Land,Revance,(130) 3392654,8
992,Lesley,Bartolomeazzi,(253) 1939891,6825
993,Katrine,Jaycocks,(337) 2077111,9
994,Lona,Mingey,(403) 1911825,258
995,Boycey,Hutten,(438) 1251688,256
996,Leeanne,Jereatt,(811) 2685565,43328
997,Kyrstin,Dyers,(812) 7197468,54
998,Bonny,Ewing,(269) 1660157,6
999,Rick,Fairham,(757) 8783653,2574
1000,Emmalyn,McGreary,(853) 7913202,90268
1001,Ruperto,Crosetti,(777) 3896217,911
1002,Ailis,Odhams,(831) 5111158,66031
1003,Fabio,Casetti,(371) 3826174,3379
